Wall time,Step,Value
1691668778.0740824,900,0.02675100602209568
1691682374.8832655,1800,0.0
