Wall time,Step,Value
1691668778.073996,900,0.995067834854126
1691682374.883137,1800,1.0077022314071655
